Date,Region,Product Category,Sales Amount (USD),Revenue (USD),Customer ID,Marketing Channel
2020-12-20,North,Electronics,1734,3899,17VWU,Online Ads
2020-05-21,North,Electronics,5778,2006,58LTE,Online Ads
2023-05-23,South,Electronics,6282,6614,TU79H,Social Media
2021-09-28,East,Apparel,9825,8924,Z35SL,Social Media
2021-02-09,North,Toys,2283,4082,0ECBX,Direct Mail
2021-10-12,East,Electronics,8160,8988,GV8R6,Social Media
2023-12-16,East,Furniture,4560,2540,KC5RN,Direct Mail
2021-01-04,North,Electronics,7227,4688,7C5N5,Online Ads
2022-10-21,West,Furniture,2290,4636,YLDIE,Social Media
2020-06-21,West,Furniture,8075,2837,XCZS2,Online Ads
2021-03-04,South,Toys,9089,5135,TWQMW,Social Media
2022-12-16,South,Toys,7961,8923,Q4QQ8,Email
2021-07-16,West,Toys,1363,1958,NPWSM,Direct Mail
2022-12-26,East,Electronics,1634,2207,5DYZB,Social Media
2023-02-20,North,Electronics,3501,1357,PCPQM,Email
2023-02-01,East,Toys,6367,1280,P9OMI,Direct Mail
2021-10-03,South,Electronics,4590,5969,X5Y9T,Direct Mail
2021-07-28,North,Toys,1060,7600,M1GZG,Social Media
2020-03-04,North,Furniture,6095,7309,CUNJX,Direct Mail
2022-07-27,West,Furniture,2131,8848,2UL6G,Direct Mail
2020-11-12,North,Toys,6575,4528,6XHVL,Direct Mail
2023-04-12,South,Apparel,1278,4947,94BU7,Online Ads
2022-08-05,West,Electronics,1969,2782,WBIEY,Email
2023-05-17,North,Toys,7889,2488,U5LCJ,Email
2023-08-19,East,Apparel,8388,6184,CXFDW,Email
2021-05-09,West,Furniture,1048,3955,NUCXH,Online Ads
2022-09-14,East,Toys,3683,7060,FDO1H,Online Ads
2020-03-04,South,Electronics,9964,8526,VPROW,Direct Mail
2020-02-19,West,Apparel,9116,1707,NKJ0S,Email
2020-05-06,East,Apparel,6202,950,C9BOP,Social Media
2023-05-11,South,Furniture,5094,2852,6FJPC,Direct Mail
2021-06-11,South,Toys,2074,6378,EAWY7,Social Media
2022-02-11,North,Toys,5828,5793,L87OM,Social Media
2021-11-12,East,Furniture,3362,7937,3Y3R0,Direct Mail
2022-07-25,South,Electronics,3284,827,AX1AD,Online Ads
2020-07-09,West,Toys,6131,8382,JXEN1,Social Media
2023-01-23,West,Furniture,7401,2496,408WB,Email
2020-09-26,East,Apparel,9306,1565,7C9B9,Email
2022-07-05,South,Electronics,3757,1379,N4ILT,Social Media
2021-04-22,East,Apparel,7238,941,A7YRG,Social Media
2022-07-14,South,Electronics,8233,3482,MGASZ,Email
2022-10-16,North,Toys,4839,3962,A50Q5,Social Media
2020-10-04,West,Electronics,6118,2382,Y4SQQ,Email
2023-08-01,South,Toys,4560,1476,05I1W,Online Ads
2020-07-06,West,Electronics,2676,8341,BGHSL,Social Media
2023-02-19,South,Furniture,6430,3504,X9ZPC,Email
2022-11-21,West,Electronics,6620,1471,LP6M1,Online Ads
2022-12-17,West,Toys,6269,5953,UGRF7,Social Media
2021-12-28,West,Toys,8545,5562,D7B3O,Direct Mail
2021-05-17,West,Electronics,8580,8042,R761V,Online Ads
2020-01-01,East,Toys,6315,1574,0L185,Direct Mail
2022-05-08,West,Furniture,3796,5328,95HNP,Online Ads
2022-12-07,East,Electronics,7086,2326,GE4SI,Direct Mail
2021-08-21,South,Apparel,2602,6102,WYUTJ,Online Ads
2020-05-18,North,Apparel,8053,5416,FE1SG,Email
2021-08-28,East,Electronics,4941,7139,NWZQ2,Online Ads
2022-10-11,West,Electronics,2083,2584,6MBPT,Email
2022-03-09,West,Toys,7734,4213,Q2O28,Direct Mail
2022-03-17,South,Electronics,5087,8200,FD6BB,Online Ads
2020-07-24,East,Apparel,7301,7939,89ECA,Direct Mail
2022-01-09,South,Furniture,5369,3284,ZIJAU,Email
2022-06-13,South,Toys,5784,1911,VVW23,Direct Mail
2022-11-22,East,Electronics,4968,4384,B6V86,Social Media
2023-10-24,West,Apparel,1955,8279,DRTLE,Online Ads
2020-04-19,South,Apparel,5669,8847,0143V,Direct Mail
2020-09-02,South,Toys,5890,6306,9EX77,Online Ads
2021-12-07,North,Apparel,6528,3602,7ZOMJ,Direct Mail
2021-09-27,West,Toys,6613,4398,3PJUU,Social Media
2021-09-10,North,Apparel,4483,1105,UCDQC,Social Media
2020-09-03,West,Furniture,7444,813,H14RR,Direct Mail
2023-04-20,South,Furniture,8519,6861,SCPUM,Online Ads
2021-02-26,South,Furniture,6148,4977,HZHJI,Email
2023-01-06,West,Furniture,2773,3954,WB5RO,Social Media
2020-12-20,South,Furniture,3470,2929,982A0,Social Media
2020-03-03,South,Furniture,7214,8062,7UUKK,Email
2023-04-05,East,Electronics,2941,1997,XRGNQ,Social Media
2023-05-27,South,Apparel,1280,7055,N16PJ,Social Media
2020-08-22,South,Furniture,2413,5782,IZO9U,Direct Mail
2020-12-01,East,Toys,7152,5760,6H2Q7,Direct Mail
2022-04-08,South,Toys,3661,1171,TFIBW,Social Media
2023-03-04,South,Electronics,9100,4239,1IAUW,Email
2021-11-11,South,Electronics,7919,967,1U7F1,Social Media
2021-01-23,South,Electronics,1650,8613,5OML1,Direct Mail
2021-04-05,South,Apparel,5424,5908,696F8,Email
2020-01-14,South,Apparel,7711,8831,GFEV8,Online Ads
2022-08-15,South,Toys,2381,986,SMQDP,Online Ads
2023-04-12,East,Furniture,2469,3058,AT1NK,Social Media
2023-03-28,South,Electronics,4389,4469,ORHE0,Online Ads
2020-01-02,West,Electronics,6079,3651,P8ULU,Email
2022-06-09,South,Furniture,7481,7367,GS2WA,Direct Mail
2022-08-25,West,Furniture,5018,6431,DT11X,Direct Mail
2021-06-19,East,Furniture,5408,1828,BWNOH,Social Media
2021-07-07,South,Electronics,8937,8520,BNO1Q,Social Media
2022-08-27,East,Apparel,5469,6781,05IIQ,Online Ads
2020-07-21,West,Toys,4255,2400,F0AUR,Social Media
2023-10-26,West,Toys,1054,8568,ZAKJI,Email
2022-03-16,West,Apparel,7646,2891,8MC0O,Email
2023-02-27,South,Apparel,8454,8873,Q2EE9,Online Ads
2023-04-21,South,Furniture,1501,3616,UW3US,Online Ads
2020-02-10,East,Toys,4989,7737,CM45M,Email
2023-11-11,East,Toys,9236,820,TX337,Email
2022-12-19,East,Apparel,7979,1396,OLI7H,Social Media
2021-06-13,South,Furniture,7437,6588,9VML2,Email
2020-07-03,East,Toys,2925,7415,8TMDM,Online Ads
2021-09-24,East,Toys,1616,2367,KAIMX,Email
2021-01-03,South,Toys,1409,6558,KWIY8,Online Ads
2022-05-01,East,Electronics,7659,5048,8ASSR,Email
2020-10-13,North,Electronics,1702,2759,0F8MA,Social Media
2020-07-07,South,Toys,7470,5844,29F6T,Email
2023-01-06,North,Electronics,8124,5694,QS0DY,Social Media
2020-01-12,South,Apparel,8062,2480,MQ9ED,Direct Mail
2023-11-16,South,Apparel,2067,6224,YRK03,Email
2021-10-10,West,Furniture,3972,6119,A3B95,Email
2022-07-17,South,Furniture,6425,4811,YD3JE,Direct Mail
2022-03-04,West,Toys,1339,8333,FADQW,Email
2023-07-16,West,Electronics,3836,6355,TY2CL,Email
2023-11-28,East,Electronics,5758,1997,8M4FT,Online Ads
2021-12-05,North,Apparel,5489,3495,I6NYY,Social Media
2021-01-26,South,Electronics,2064,2945,TQZIX,Email
2022-03-11,South,Apparel,8534,8149,BY73S,Online Ads
2021-06-13,East,Toys,1991,5412,36SX7,Online Ads
2020-09-28,East,Furniture,7853,3590,Z9AUU,Online Ads
2021-05-09,South,Electronics,5248,3380,2OYAU,Online Ads
2023-10-08,North,Furniture,2187,5727,CZSC3,Social Media
2021-02-26,South,Toys,7896,3305,YGS47,Direct Mail
2020-01-28,West,Toys,1395,6618,8NFLT,Online Ads
2021-04-10,East,Furniture,1523,5096,AOJ0A,Email
2021-12-10,West,Furniture,6098,3118,F6LC8,Direct Mail
2020-05-22,East,Toys,2180,6425,OX70U,Online Ads
2021-04-06,North,Electronics,9387,3142,HVL6J,Direct Mail
2022-02-12,West,Toys,5229,8356,8BZIF,Online Ads
2020-06-27,South,Furniture,4192,7092,P82CE,Social Media
2023-08-27,South,Furniture,9753,8775,Q2B0J,Online Ads
2022-05-21,East,Electronics,2140,1621,KA5RI,Online Ads
2021-05-20,East,Electronics,7179,2002,E0XCT,Email
2020-02-24,West,Toys,4235,7494,KLIAO,Online Ads
2021-01-01,South,Toys,9432,8809,O20K3,Email
2022-04-07,North,Furniture,3153,4178,ZPIZ5,Email
2022-12-27,West,Furniture,7112,3703,D0W26,Social Media
2020-06-22,South,Electronics,3227,1711,YSC9E,Direct Mail
2022-07-12,East,Electronics,5144,7171,4LMLG,Online Ads
2021-11-02,West,Apparel,9797,1931,JRNWS,Email
2020-07-17,North,Electronics,1988,1072,O6RH6,Email
2020-12-08,East,Furniture,6991,7249,WF7HS,Social Media
2022-07-23,South,Furniture,9748,4942,O5K8H,Social Media
2022-12-12,West,Toys,5810,6060,4EV7Y,Email
2023-11-14,North,Apparel,5734,4163,TIPKF,Social Media
2022-12-23,North,Furniture,6856,2915,3DPEG,Direct Mail
2022-05-23,South,Furniture,8929,8720,TGXKC,Email
2023-04-16,West,Apparel,8026,5755,G1XW8,Email
2023-04-05,North,Apparel,3369,3980,I8BNC,Email
2023-07-02,East,Furniture,8146,2734,E2KEG,Online Ads
2022-12-13,East,Furniture,2014,8670,DCMAA,Direct Mail
2020-03-04,North,Electronics,2684,2584,MMIVA,Online Ads
2020-02-15,South,Furniture,7375,7341,I4V4F,Email
2023-10-24,South,Electronics,4703,5215,W8CXO,Social Media
2020-04-07,North,Toys,1982,2232,NFUN1,Online Ads
2022-08-10,West,Electronics,9493,7002,RC9IL,Online Ads
2021-03-21,West,Furniture,7247,1392,Y15CR,Online Ads
2020-07-13,North,Furniture,3772,2655,NEDRS,Online Ads
2022-11-21,West,Apparel,5321,7450,PA638,Social Media
2021-10-21,East,Toys,1391,2063,FH7UA,Online Ads
2020-02-22,West,Apparel,5489,7581,PRX0P,Direct Mail
2021-12-27,North,Apparel,3697,8588,59YJA,Direct Mail
2021-04-03,West,Toys,1884,7534,A6X56,Social Media
2023-12-01,East,Furniture,4038,4947,H2HV2,Direct Mail
2023-03-10,East,Furniture,5153,4943,8G3Q3,Social Media
2023-11-18,South,Toys,2002,8485,E547M,Online Ads
2020-02-03,East,Toys,7770,4537,1DNDK,Online Ads
2023-01-23,East,Apparel,5219,5726,5N9PN,Online Ads
2021-10-14,East,Furniture,2693,6329,Y10YP,Online Ads
2020-09-27,North,Furniture,4049,4627,95SGM,Direct Mail
2023-10-26,South,Apparel,7730,1295,2VPHE,Online Ads
2021-09-10,East,Apparel,2556,5772,544MI,Social Media
2023-11-23,East,Apparel,1806,6610,5L2LA,Online Ads
2021-03-08,South,Electronics,2783,8099,XPI1S,Online Ads
2020-10-16,East,Electronics,8657,8723,ZP3EM,Social Media
2023-05-13,North,Apparel,9526,1759,7F9Q1,Email
2020-08-10,West,Furniture,8360,8562,7HMJ5,Email
2021-05-27,South,Toys,8894,3984,UHTSQ,Email
2020-09-16,West,Furniture,3386,8144,H9Q0R,Online Ads
2022-05-24,West,Electronics,4402,1586,S7LJE,Direct Mail
2022-08-02,South,Furniture,7018,2355,IGKHF,Direct Mail
2020-06-12,West,Toys,4357,1605,A4Z8C,Online Ads
2021-04-24,North,Toys,1889,8281,VYWWZ,Email
2022-04-16,West,Toys,5363,3860,ZAXWV,Email
2022-04-23,North,Electronics,6765,962,XPLPG,Direct Mail
2022-08-09,East,Furniture,9344,2615,Q696B,Social Media
2020-06-15,West,Toys,4101,1491,SXCC7,Online Ads
2022-05-14,North,Electronics,5307,8804,8ZPXI,Social Media
2022-01-24,West,Furniture,8853,6457,G90G3,Direct Mail
2020-12-14,North,Toys,4090,6581,13WZG,Social Media
2022-02-15,East,Furniture,7333,8924,HZ5LK,Online Ads
2022-05-19,South,Toys,9280,6513,848IP,Social Media
2020-06-17,West,Apparel,5335,7249,0N99K,Email
2023-07-06,West,Electronics,9056,4035,3WL6C,Direct Mail
2023-05-28,North,Apparel,3161,8581,HGCG1,Direct Mail
2020-11-04,South,Furniture,8280,1400,0SCHW,Direct Mail
2021-02-03,North,Furniture,3653,7046,MXLNC,Direct Mail
2020-02-02,East,Apparel,5906,7378,NQKK8,Social Media
2023-09-22,East,Electronics,4782,6544,8JITP,Email
2021-10-27,South,Apparel,3866,7305,72J8X,Online Ads
2020-02-25,North,Apparel,6753,1577,2FAT6,Social Media
2020-04-24,South,Toys,1983,2508,0U5DA,Social Media
2023-03-23,East,Electronics,3524,8394,NU6F8,Online Ads
2021-10-10,East,Furniture,8541,8287,KNEWN,Online Ads
2022-09-26,North,Furniture,6280,6065,78BJR,Online Ads
2022-05-26,West,Electronics,6460,8689,PA62O,Direct Mail
2023-07-16,North,Electronics,1239,8974,VKWB2,Direct Mail
2020-03-13,East,Toys,8474,5539,RBHLF,Direct Mail
2020-12-24,West,Toys,8112,4430,D8YI8,Email
2023-01-05,East,Electronics,2458,2091,A9H52,Email
2022-12-17,East,Furniture,8288,1551,L6N1R,Social Media
2022-04-28,South,Toys,2785,1785,PA568,Email
2020-04-09,East,Apparel,2110,1791,SW8UG,Social Media
2023-02-19,North,Toys,8607,1820,OO5CA,Social Media
2023-12-10,North,Toys,5033,4807,3UNO7,Email
2022-12-04,North,Apparel,8646,3940,X7YN0,Online Ads
2022-10-09,North,Apparel,1993,1019,KSWR0,Online Ads
2020-06-08,West,Electronics,2476,1761,37KBI,Email
2022-04-22,West,Toys,1454,8662,C7UFU,Online Ads
2023-08-15,East,Toys,8197,4678,S29DG,Social Media
2020-10-17,North,Furniture,3164,4394,QVDSB,Email
2022-07-13,North,Apparel,8149,1705,S35A1,Direct Mail
2021-03-02,West,Electronics,4455,5154,O3U8I,Social Media
2023-03-10,East,Toys,1218,8062,A1XEB,Email
2020-10-01,South,Electronics,3660,7896,GQML6,Online Ads
2022-01-22,West,Furniture,9062,3488,0VH8S,Online Ads
2021-07-01,East,Furniture,1349,2241,UHUG6,Online Ads
2021-10-19,South,Electronics,6278,6884,3PKHQ,Direct Mail
2023-05-23,North,Apparel,1140,7754,RLGPW,Social Media
2020-10-04,South,Toys,8314,4040,GU6RF,Social Media
2022-01-27,North,Furniture,1920,5341,1JWVR,Social Media
2022-10-22,East,Toys,8625,1691,F372R,Online Ads
2021-05-25,North,Furniture,8726,3991,JM4CB,Social Media
2023-07-17,South,Apparel,5899,5116,G5RQ0,Email
2020-09-06,East,Toys,2055,831,R7SD9,Online Ads
2023-03-27,North,Furniture,6999,2306,0XQL3,Direct Mail
2021-08-26,East,Furniture,5574,5030,F2EU0,Online Ads
2020-08-20,East,Toys,7219,1814,YXIS5,Social Media
2022-06-13,North,Electronics,2163,7734,6UOOW,Direct Mail
2023-07-28,West,Furniture,8005,2842,IF4LH,Social Media
2022-09-27,South,Furniture,4688,3641,7HLEE,Direct Mail
2022-11-26,West,Furniture,8639,8676,K7B66,Online Ads
2021-08-28,East,Apparel,5383,3683,2IPR4,Social Media
2020-03-16,North,Toys,1437,6458,XV3LL,Social Media
2023-03-23,East,Apparel,5871,6251,0BZJB,Email
2022-05-15,East,Toys,8784,2890,HDVX8,Social Media
2022-06-06,South,Toys,2008,1823,RTV3M,Email
2023-12-21,East,Furniture,9083,2828,4X4EO,Email
2023-10-05,West,Apparel,7426,3276,27KV9,Email
2023-11-11,East,Apparel,7386,6008,MBN3R,Email
2022-04-08,West,Apparel,5282,7951,75P9D,Direct Mail
2021-07-18,West,Furniture,2836,5406,GUX3P,Social Media
2020-09-16,South,Furniture,2007,7259,TWVH9,Social Media
2023-09-08,North,Electronics,1648,3624,OVQ0Q,Email
2021-04-12,North,Furniture,1917,7199,4BVVF,Direct Mail
2020-02-20,East,Furniture,7004,1435,41CR6,Email
2023-01-04,West,Furniture,2643,5544,4PJX3,Online Ads
2020-07-20,North,Furniture,4152,1640,KA6CS,Direct Mail
2021-05-23,West,Furniture,2887,3861,6MISH,Online Ads
2022-02-21,North,Toys,4589,8322,JQQGS,Social Media
2021-07-17,North,Apparel,7178,8033,BHWCE,Email
2020-09-15,East,Toys,5818,5061,7UTXO,Online Ads
2022-05-19,North,Apparel,5455,6626,GEZMI,Online Ads
2021-10-27,East,Furniture,9669,5360,6QTHS,Direct Mail
2023-02-02,North,Toys,8989,2651,WMLDP,Online Ads
2022-11-12,West,Furniture,4394,8962,FKMRT,Email
2023-04-09,South,Furniture,3964,7514,F0FB8,Email
2020-07-10,East,Electronics,4373,1088,B8A4W,Email
2021-11-24,South,Toys,2985,4188,ZYBZQ,Social Media
2021-01-24,South,Electronics,2420,4433,KTVVH,Direct Mail
2020-01-02,East,Furniture,5130,7853,M9GMD,Social Media
2023-03-27,East,Electronics,6713,7091,YVJ1F,Direct Mail
2023-09-10,North,Electronics,6615,7325,STJFG,Online Ads
2021-08-09,North,Electronics,2868,2006,9SF7L,Direct Mail
2021-10-12,North,Electronics,7844,5267,TX5Q8,Online Ads
2022-02-13,North,Electronics,1095,5348,1WLWN,Direct Mail
2020-09-18,South,Electronics,3377,3023,I115H,Email
2020-04-20,North,Electronics,7204,3586,1ZJXA,Email
2021-01-20,North,Toys,3520,6341,E2DMQ,Social Media
2022-11-11,West,Furniture,9553,2763,S3VYC,Direct Mail
2022-05-08,North,Furniture,1685,1797,OHR2W,Online Ads
2023-06-15,North,Electronics,9976,1434,N5JJF,Direct Mail
2023-10-01,East,Toys,5103,1743,8NUVD,Email
2021-03-17,West,Electronics,7225,1875,PZEVB,Social Media
2021-04-27,West,Toys,2769,8431,IQCI7,Direct Mail
2021-10-16,West,Furniture,5278,2770,Z7GK7,Social Media
2022-11-08,West,Electronics,9248,2576,C5FOA,Social Media
2020-12-26,East,Furniture,9136,5016,89V0M,Direct Mail
2020-11-17,West,Furniture,4369,5688,L0CL3,Email
2020-03-04,East,Apparel,4967,3717,JRA7F,Direct Mail
2022-07-07,North,Furniture,7470,3213,ONZDY,Online Ads
2021-07-22,North,Toys,3721,2669,D3UDE,Social Media
2020-07-14,North,Electronics,9780,7532,IT7GU,Online Ads
2021-02-02,South,Toys,1972,6436,XQ6M3,Direct Mail
2020-05-06,East,Furniture,9227,3916,VY1I7,Email
2020-07-14,East,Toys,6197,1339,VRURF,Email
2020-04-16,South,Furniture,1166,8790,7LY74,Online Ads
2023-11-02,West,Furniture,5997,4010,PPJ3K,Social Media
2023-12-05,North,Electronics,6755,1249,IP41O,Social Media
2020-09-10,West,Electronics,5752,7274,48B7V,Email
2020-04-05,West,Electronics,4205,6941,13WUE,Social Media
2020-07-08,South,Apparel,1250,2122,ECR3T,Direct Mail
2023-08-08,West,Furniture,7822,6417,PKBZM,Social Media
2023-04-18,South,Toys,4890,3397,R1L5R,Online Ads
2020-03-03,East,Apparel,3961,3245,NH00I,Social Media
2023-12-28,East,Apparel,1550,2140,I0JT9,Direct Mail
2022-08-23,North,Furniture,7089,2558,ATQGI,Direct Mail
2023-11-13,West,Apparel,2892,8236,FJGAS,Social Media
2021-09-26,East,Toys,5806,2218,6HUYO,Social Media
2021-01-27,North,Furniture,9604,6432,J1VPR,Email
2023-02-26,West,Apparel,9367,7589,X8ZRN,Direct Mail
2021-10-14,West,Apparel,5508,7659,BF374,Online Ads
2022-10-28,East,Furniture,4182,2982,7ZSDG,Social Media
2022-08-02,South,Furniture,1224,6285,1HIBN,Email
2020-05-25,West,Electronics,6954,4569,BC6AW,Direct Mail
2022-04-08,West,Furniture,8231,1135,3WJX3,Direct Mail
2021-03-09,West,Apparel,7591,4075,4DDVA,Direct Mail
2021-07-09,West,Electronics,7815,1176,OX9OT,Email
2022-02-14,East,Apparel,2806,2608,KOF83,Direct Mail
2023-07-15,East,Furniture,5354,2910,9L7Z2,Direct Mail
2023-05-15,East,Electronics,9042,1245,X5EYV,Direct Mail
2020-12-04,South,Apparel,7418,1035,LJ27J,Direct Mail
2022-04-12,South,Toys,8948,2416,HOWWZ,Online Ads
2020-05-24,North,Electronics,1873,6728,GJ0XB,Email
2020-06-12,South,Furniture,2649,8982,KL0QS,Online Ads
2021-05-09,East,Furniture,2356,1149,4ZN4T,Social Media
2021-02-07,West,Furniture,5333,887,B61V0,Email
2022-09-03,East,Furniture,2875,2490,0IDX4,Social Media
2021-05-05,West,Apparel,2856,1042,JBEGL,Email
2023-06-13,West,Electronics,2092,7602,AVZ0K,Online Ads
2020-03-25,North,Electronics,1574,5946,HVF1W,Email
2021-01-27,East,Apparel,1404,6944,AJ0KE,Online Ads
2021-05-02,East,Furniture,8458,1482,0LQEP,Online Ads
2020-02-02,West,Apparel,5297,8621,YED72,Email
2021-06-20,East,Toys,3879,4561,4NZZU,Email
2021-05-03,South,Electronics,2027,2042,74YFB,Social Media
2020-10-22,South,Apparel,1960,2418,NRFGU,Social Media
2021-01-18,North,Electronics,8851,4656,QQ9XJ,Social Media
2023-08-18,North,Toys,4450,5610,2U9LN,Email
2021-12-09,West,Toys,2125,7912,B477A,Social Media
2022-03-10,West,Apparel,2141,5085,IKNV5,Online Ads
2023-02-18,South,Furniture,8573,6101,6MY3K,Email
2020-12-13,West,Toys,2630,3984,EOB2P,Online Ads
2022-09-06,North,Electronics,7948,8705,THOK6,Email
2022-04-10,North,Apparel,1691,8973,2HB0M,Email
2021-02-17,East,Toys,6628,8288,Q30CO,Social Media
2020-07-18,West,Furniture,6615,8926,E06C9,Email
2023-12-24,South,Apparel,5342,3463,6UZSF,Direct Mail
2020-06-27,West,Electronics,6407,7085,J44W0,Social Media
2021-06-09,West,Furniture,4512,4729,2TI7P,Direct Mail
2021-07-09,North,Electronics,5403,7421,E9LYQ,Social Media
2020-05-28,West,Toys,9431,3094,6NLLI,Social Media
2023-06-16,East,Furniture,5549,1428,96R55,Direct Mail
2021-03-22,North,Toys,5293,3510,I0E5G,Direct Mail
2023-01-24,South,Electronics,3316,6624,RP7XC,Social Media
2020-07-21,West,Electronics,2268,1286,BE1DX,Social Media
2023-09-15,North,Furniture,5627,5551,ZWWKI,Email
2020-01-27,North,Apparel,5930,4067,V9CVD,Social Media
2021-12-21,East,Furniture,2928,3384,OOAT3,Email
2023-05-18,East,Toys,1005,2871,PHJFV,Online Ads
2022-07-15,East,Toys,6453,2700,E0ALK,Email
2022-05-13,South,Apparel,2987,3596,9DXIS,Email
2023-09-01,East,Furniture,8339,6185,98YSH,Social Media
2021-11-24,South,Apparel,4091,8259,U4AIX,Direct Mail
2022-08-17,North,Apparel,7952,4857,C98I4,Email
2021-02-22,North,Apparel,7838,3311,2B8HQ,Email
2021-02-03,North,Apparel,7512,1848,QH5YU,Direct Mail
2022-03-28,West,Electronics,7279,2338,2MKZD,Email
2020-06-01,South,Toys,5264,6838,UQEFJ,Social Media
2023-02-28,South,Furniture,6872,4741,D7VWI,Email
2021-02-07,West,Apparel,2854,5882,16G0Q,Social Media
2020-04-26,North,Toys,5440,1820,ZHGKN,Online Ads
2022-05-06,West,Furniture,6712,8844,FTUZQ,Direct Mail
2020-04-05,East,Furniture,9688,8915,G2MY3,Social Media
2023-08-09,North,Furniture,8116,8949,0PA5G,Social Media
2023-08-25,East,Apparel,5938,8812,TATM2,Email
2023-09-12,North,Toys,4186,4303,198OH,Online Ads
2020-03-17,South,Furniture,2259,7176,ZVUSS,Social Media
2021-02-12,North,Toys,9009,1828,40A8U,Social Media
2023-12-17,West,Toys,3579,4266,N57MZ,Email
2020-02-12,North,Furniture,8274,5469,G7XNS,Email
2020-12-17,South,Furniture,9379,8077,8FDAJ,Online Ads
2021-04-03,West,Electronics,2100,4911,HL13U,Social Media
2023-12-26,South,Toys,9211,2275,9TY9O,Online Ads
2021-11-13,South,Electronics,9727,2372,1XPQZ,Direct Mail
2023-08-24,West,Toys,1378,5542,F9VG1,Social Media
2022-09-24,West,Electronics,3858,2962,OH8MJ,Social Media
2021-01-11,East,Apparel,4229,954,6UVAM,Email
2021-06-09,South,Furniture,3249,8486,EW2NS,Online Ads
2021-03-18,East,Toys,5517,4525,OYPS0,Email
2022-06-21,East,Electronics,1688,5240,ZJMJR,Online Ads
2021-09-21,South,Apparel,3699,8122,0EI6G,Direct Mail
2023-08-01,East,Electronics,3099,7904,DL4CG,Email
2020-05-22,East,Toys,2331,980,Y6B8G,Online Ads
2021-12-06,East,Apparel,6432,8642,B24CK,Direct Mail
2023-09-28,North,Apparel,6187,3342,H3XUS,Direct Mail
2022-02-19,North,Electronics,4141,2050,W2OHN,Online Ads
2022-01-23,East,Electronics,7019,6037,OIXH3,Online Ads
2020-01-05,South,Toys,8625,4655,1IMR7,Direct Mail
2020-02-23,East,Electronics,3345,5023,RS5TK,Email
2020-08-16,West,Apparel,4596,8494,GYK8M,Social Media
2022-09-27,South,Toys,6201,3227,DG8NU,Online Ads
2021-01-02,West,Electronics,1563,1888,R23PY,Online Ads
2023-01-17,East,Electronics,8601,2282,T207E,Social Media
2021-02-17,East,Electronics,6352,8990,2MQN6,Online Ads
2023-09-18,North,Furniture,8908,1400,Z6BVF,Social Media
2020-06-10,West,Furniture,2401,6055,BTSUJ,Email
2020-11-07,West,Furniture,9724,4537,S1TRA,Direct Mail
2022-04-06,South,Electronics,9430,2833,CD3LF,Direct Mail
2021-03-28,West,Furniture,8542,6028,AMCLY,Online Ads
2023-08-02,East,Apparel,5190,6220,ON5UT,Online Ads
2021-03-27,East,Toys,7575,5619,Z7CZC,Email
2022-11-03,South,Electronics,3113,3280,F5NXL,Social Media
2021-04-04,North,Apparel,9548,2128,V5CI7,Online Ads
2023-07-17,East,Toys,6729,4844,Q13FV,Email
2020-01-15,East,Apparel,6039,1503,R8146,Social Media
2022-07-16,East,Toys,5840,7539,8F0VU,Email
2021-02-06,South,Furniture,1264,2590,IWHMJ,Email
2021-05-18,East,Furniture,7998,1269,TURSB,Direct Mail
2021-10-04,West,Electronics,5587,2667,SSECC,Social Media
2023-12-22,East,Furniture,7884,5985,CDRVE,Email
2021-08-20,East,Furniture,7680,5226,IX7QB,Email
2022-06-24,South,Electronics,6150,6033,POTFE,Direct Mail
2023-09-23,West,Apparel,1197,3424,72DE9,Social Media
2023-12-16,East,Toys,3568,4112,GYR3C,Email
2021-01-03,East,Apparel,5429,4507,QCTVL,Online Ads
2020-09-24,East,Electronics,9811,4411,K22MS,Online Ads
2023-07-18,East,Electronics,1775,1224,I8E2X,Online Ads
2022-07-19,North,Toys,7854,3506,0Q5G2,Direct Mail
2020-07-16,South,Toys,9535,2045,KHR5Y,Social Media
2022-11-20,West,Toys,8123,8679,MY2PQ,Online Ads
2022-04-09,South,Electronics,6072,2015,QDW3X,Online Ads
2023-11-14,West,Apparel,1507,7044,3TZFL,Online Ads
2022-06-16,North,Apparel,2329,3777,WOXES,Direct Mail
2021-07-17,West,Toys,6392,7015,3WS2B,Direct Mail
2021-11-16,East,Toys,6513,4998,UUBQ4,Social Media
2021-07-24,West,Apparel,4636,3626,DO5NZ,Online Ads
2021-02-20,East,Toys,7046,1086,YPI4O,Email
2023-02-20,West,Toys,5780,7261,ZD50F,Direct Mail
2022-09-02,West,Electronics,6608,831,C2C9I,Direct Mail
2022-06-21,North,Toys,6436,7599,4T81W,Social Media
2022-10-13,West,Toys,9970,2190,4QAK0,Social Media
2023-04-03,North,Furniture,9238,2952,N87SM,Direct Mail
2023-06-21,West,Electronics,1196,8757,QFZ2D,Social Media
2023-05-10,South,Apparel,7880,7429,BFPGB,Direct Mail
2022-11-16,South,Apparel,2941,5861,4HXQT,Direct Mail
2021-10-01,North,Furniture,4045,8230,R4MIW,Social Media
2022-06-24,East,Electronics,7269,6977,GDROX,Direct Mail
2020-08-19,East,Furniture,6438,7147,YNI73,Online Ads
2020-11-12,East,Furniture,9816,1675,GL6ZW,Direct Mail
2022-09-26,North,Apparel,7612,5068,DQNLO,Direct Mail
2022-09-15,West,Toys,7708,8585,VYOU4,Online Ads
2023-11-01,South,Furniture,2178,5460,LDMRQ,Online Ads
2023-10-06,West,Electronics,4501,7268,7PRHE,Online Ads
2021-07-23,North,Apparel,5662,4689,CEKH8,Social Media
2023-08-23,West,Electronics,6708,3154,TAB1Q,Online Ads
2020-12-05,East,Apparel,7317,5023,E3XRT,Email
2020-03-24,West,Toys,5742,6034,QDXJA,Email
2021-09-24,North,Toys,8510,2474,M2Z1U,Direct Mail
2023-02-24,West,Toys,5081,8294,0VRW1,Email
2020-11-04,South,Electronics,9590,8573,QDS9W,Direct Mail
2020-09-07,North,Furniture,1609,3141,H3AXQ,Email
2020-02-23,West,Furniture,9561,5547,JKW5R,Email
2021-08-06,East,Furniture,8795,4507,C7QGZ,Online Ads
2022-11-07,West,Toys,2986,3934,V5MLO,Email
2021-03-24,East,Electronics,5698,5522,3VETZ,Social Media
2022-06-25,East,Apparel,6975,8833,JK6YL,Direct Mail
2023-03-05,East,Apparel,3328,7371,BY7OI,Online Ads
2020-05-19,South,Electronics,5223,1454,ZD8DY,Online Ads
2021-10-28,West,Toys,4997,4004,YQG08,Email
2020-08-03,South,Toys,8381,3299,CKT9Y,Email
2020-06-02,South,Apparel,8439,5760,HG9NE,Direct Mail
2022-10-08,East,Toys,3862,3831,H14FF,Online Ads
2022-05-08,North,Electronics,3155,7510,0NKDO,Online Ads
2020-10-20,South,Electronics,8626,2163,DT7TO,Direct Mail
2023-12-25,South,Furniture,9406,1196,ELUDZ,Social Media
2020-03-12,West,Toys,1771,6703,ISZCS,Direct Mail
2021-11-09,South,Furniture,6070,6860,LIMV5,Social Media
2023-09-07,East,Toys,5283,5631,NN0ES,Direct Mail
2023-01-10,South,Electronics,9627,7691,549YI,Social Media
2023-09-02,South,Electronics,1312,5593,PHO4J,Email
2022-09-12,West,Electronics,1843,5239,OCVZF,Online Ads
2023-06-17,East,Apparel,9347,8953,ME06F,Social Media
2021-12-20,South,Apparel,2675,2656,P9GL5,Direct Mail
2020-03-18,West,Electronics,6422,7693,OGDNG,Direct Mail
2023-11-13,South,Electronics,8579,7111,DLJKN,Email
2021-09-27,East,Furniture,6544,8819,60DH2,Direct Mail
2021-02-16,South,Electronics,9383,2778,QR0RU,Email
2020-10-14,East,Furniture,6755,2931,PLIHY,Online Ads
2021-10-12,South,Electronics,9619,7224,SXVZE,Social Media
2020-10-26,South,Electronics,6780,5367,CAAHB,Social Media
2021-12-17,South,Furniture,2811,2924,N46N6,Online Ads
2022-08-17,North,Electronics,5532,7564,RPMJL,Direct Mail
2022-08-06,East,Toys,8532,1395,NCB3F,Direct Mail
2020-01-18,West,Toys,2485,2821,O90BQ,Email
2022-12-01,South,Electronics,6787,2834,TXDE5,Direct Mail
2022-08-15,North,Electronics,2348,4354,HF5SB,Social Media
2022-10-14,East,Toys,5563,3484,VTPGD,Online Ads
